first_name,last_name,title,release_year,category_id,actor_id,last_update
Penelope,Guiness,Academy Dinosaur,2006,6,1,2006-02-15 04:34:33
Penelope,Guiness,Anaconda Confessions,2006,2,1,2006-02-15 04:34:33
Penelope,Guiness,Angels Life,2006,13,1,2006-02-15 04:34:33
Penelope,Guiness,Bulworth Commandments,2006,10,1,2006-02-15 04:34:33
Penelope,Guiness,Cheaper Clyde,2006,14,1,2006-02-15 04:34:33
Penelope,Guiness,Color Philadelphia,2006,4,1,2006-02-15 04:34:33
Penelope,Guiness,Elephant Trojan,2006,11,1,2006-02-15 04:34:33
Penelope,Guiness,Gleaming Jawbreaker,2006,15,1,2006-02-15 04:34:33
Penelope,Guiness,Human Graffiti,2006,10,1,2006-02-15 04:34:33
Penelope,Guiness,King Evolution,2006,8,1,2006-02-15 04:34:33
Penelope,Guiness,Lady Stage,2006,11,1,2006-02-15 04:34:33
Penelope,Guiness,Language Cowboy,2006,3,1,2006-02-15 04:34:33
Penelope,Guiness,Mulholland Beast,2006,9,1,2006-02-15 04:34:33
Penelope,Guiness,Oklahoma Jumanji,2006,13,1,2006-02-15 04:34:33
Penelope,Guiness,Rules Human,2006,11,1,2006-02-15 04:34:33
Penelope,Guiness,Splash Gump,2006,8,1,2006-02-15 04:34:33
Penelope,Guiness,Vertigo Northwest,2006,5,1,2006-02-15 04:34:33
Penelope,Guiness,Westward Seabiscuit,2006,4,1,2006-02-15 04:34:33
Penelope,Guiness,Wizard Coldblooded,2006,12,1,2006-02-15 04:34:33
Nick,Wahlberg,Adaptation Holes,2006,6,2,2006-02-15 04:34:33
Nick,Wahlberg,Apache Divine,2006,8,2,2006-02-15 04:34:33
Nick,Wahlberg,Baby Hall,2006,9,2,2006-02-15 04:34:33
Nick,Wahlberg,Bull Shawshank,2006,1,2,2006-02-15 04:34:33
Nick,Wahlberg,Chainsaw Uptown,2006,14,2,2006-02-15 04:34:33
Nick,Wahlberg,Chisum Behavior,2006,8,2,2006-02-15 04:34:33
Nick,Wahlberg,Destiny Saturday,2006,13,2,2006-02-15 04:34:33
Nick,Wahlberg,Dracula Crystal,2006,4,2,2006-02-15 04:34:33
Nick,Wahlberg,Fight Jawbreaker,2006,2,2,2006-02-15 04:34:33
Nick,Wahlberg,Flash Wars,2006,13,2,2006-02-15 04:34:33
Nick,Wahlberg,Gilbert Pelican,2006,4,2,2006-02-15 04:34:33
Nick,Wahlberg,Goodfellas Salute,2006,14,2,2006-02-15 04:34:33
Nick,Wahlberg,Happiness United,2006,9,2,2006-02-15 04:34:33
Nick,Wahlberg,Indian Love,2006,8,2,2006-02-15 04:34:33
Nick,Wahlberg,Jekyll Frogmen,2006,13,2,2006-02-15 04:34:33
Nick,Wahlberg,Jersey Sassy,2006,3,2,2006-02-15 04:34:33
Nick,Wahlberg,Liaisons Sweet,2006,16,2,2006-02-15 04:34:33
Nick,Wahlberg,Lucky Flying,2006,12,2,2006-02-15 04:34:33
Nick,Wahlberg,Maguire Apache,2006,8,2,2006-02-15 04:34:33
Nick,Wahlberg,Mallrats United,2006,5,2,2006-02-15 04:34:33
Nick,Wahlberg,Mask Peach,2006,13,2,2006-02-15 04:34:33
Nick,Wahlberg,Roof Champion,2006,10,2,2006-02-15 04:34:33
Nick,Wahlberg,Rushmore Mermaid,2006,5,2,2006-02-15 04:34:33
Nick,Wahlberg,Smile Earring,2006,16,2,2006-02-15 04:34:33
Nick,Wahlberg,Wardrobe Phantom,2006,7,2,2006-02-15 04:34:33
Ed,Chase,Alone Trip,2006,12,3,2006-02-15 04:34:33
Ed,Chase,Army Flintstones,2006,6,3,2006-02-15 04:34:33
Ed,Chase,Artist Coldblooded,2006,15,3,2006-02-15 04:34:33
Ed,Chase,Boondock Ballroom,2006,16,3,2006-02-15 04:34:33
Ed,Chase,Caddyshack Jedi,2006,1,3,2006-02-15 04:34:33
Ed,Chase,Cowboy Doom,2006,9,3,2006-02-15 04:34:33
Ed,Chase,Eve Resurrection,2006,13,3,2006-02-15 04:34:33
Ed,Chase,Forrest Sons,2006,1,3,2006-02-15 04:34:33
Ed,Chase,French Holiday,2006,6,3,2006-02-15 04:34:33
Ed,Chase,Frost Head,2006,4,3,2006-02-15 04:34:33
Ed,Chase,Halloween Nuts,2006,6,3,2006-02-15 04:34:33
Ed,Chase,Hunter Alter,2006,6,3,2006-02-15 04:34:33
Ed,Chase,Image Princess,2006,15,3,2006-02-15 04:34:33
Ed,Chase,Jeepers Wedding,2006,4,3,2006-02-15 04:34:33
Ed,Chase,Luck Opus,2006,7,3,2006-02-15 04:34:33
Ed,Chase,Necklace Outbreak,2006,7,3,2006-02-15 04:34:33
Ed,Chase,Platoon Instinct,2006,13,3,2006-02-15 04:34:33
Ed,Chase,Spice Sorority,2006,7,3,2006-02-15 04:34:33
Ed,Chase,Wedding Apollo,2006,6,3,2006-02-15 04:34:33
Ed,Chase,Weekend Personal,2006,14,3,2006-02-15 04:34:33
Ed,Chase,Whale Bikini,2006,9,3,2006-02-15 04:34:33
Ed,Chase,Young Language,2006,6,3,2006-02-15 04:34:33
Jennifer,Davis,Anaconda Confessions,2006,2,4,2006-02-15 04:34:33
Jennifer,Davis,Angels Life,2006,13,4,2006-02-15 04:34:33
Jennifer,Davis,Barefoot Manchurian,2006,1,4,2006-02-15 04:34:33
Jennifer,Davis,Bed Highball,2006,6,4,2006-02-15 04:34:33
Jennifer,Davis,Blade Polish,2006,7,4,2006-02-15 04:34:33
Jennifer,Davis,Boondock Ballroom,2006,16,4,2006-02-15 04:34:33
Jennifer,Davis,Ghostbusters Elf,2006,2,4,2006-02-15 04:34:33
Jennifer,Davis,Greedy Roots,2006,7,4,2006-02-15 04:34:33
Jennifer,Davis,Hanover Galaxy,2006,12,4,2006-02-15 04:34:33
Jennifer,Davis,Instinct Airport,2006,15,4,2006-02-15 04:34:33
Jennifer,Davis,Jumanji Blade,2006,13,4,2006-02-15 04:34:33
Jennifer,Davis,National Story,2006,6,4,2006-02-15 04:34:33
Jennifer,Davis,Oklahoma Jumanji,2006,13,4,2006-02-15 04:34:33
Jennifer,Davis,Poseidon Forever,2006,15,4,2006-02-15 04:34:33
Jennifer,Davis,Raiders Antitrust,2006,6,4,2006-02-15 04:34:33
Jennifer,Davis,Random Go,2006,14,4,2006-02-15 04:34:33
Jennifer,Davis,Reds Pocus,2006,12,4,2006-02-15 04:34:33
Jennifer,Davis,Silverado Goldfinger,2006,14,4,2006-02-15 04:34:33
Jennifer,Davis,Splash Gump,2006,8,4,2006-02-15 04:34:33
Jennifer,Davis,Submarine Bed,2006,5,4,2006-02-15 04:34:33
Jennifer,Davis,Treasure Command,2006,11,4,2006-02-15 04:34:33
Jennifer,Davis,Unforgiven Zoolander,2006,14,4,2006-02-15 04:34:33
Johnny,Lollobrigida,Amadeus Holy,2006,1,5,2006-02-15 04:34:33
Johnny,Lollobrigida,Banger Pinocchio,2006,12,5,2006-02-15 04:34:33
Johnny,Lollobrigida,Bonnie Holocaust,2006,6,5,2006-02-15 04:34:33
Johnny,Lollobrigida,Chitty Lock,2006,7,5,2006-02-15 04:34:33
Johnny,Lollobrigida,Commandments Express,2006,11,5,2006-02-15 04:34:33
Johnny,Lollobrigida,Coneheads Smoochy,2006,7,5,2006-02-15 04:34:33
Johnny,Lollobrigida,Daddy Pittsburgh,2006,5,5,2006-02-15 04:34:33
Johnny,Lollobrigida,Daisy Menagerie,2006,14,5,2006-02-15 04:34:33
Johnny,Lollobrigida,Enough Raging,2006,16,5,2006-02-15 04:34:33
Johnny,Lollobrigida,Escape Metropolis,2006,16,5,2006-02-15 04:34:33
Johnny,Lollobrigida,Fire Wolves,2006,10,5,2006-02-15 04:34:33
Johnny,Lollobrigida,Frontier Cabin,2006,13,5,2006-02-15 04:34:33
Johnny,Lollobrigida,Goodfellas Salute,2006,14,5,2006-02-15 04:34:33
Johnny,Lollobrigida,Grail Frankenstein,2006,1,5,2006-02-15 04:34:33
Johnny,Lollobrigida,Groove Fiction,2006,15,5,2006-02-15 04:34:33
Johnny,Lollobrigida,Hall Cassidy,2006,3,5,2006-02-15 04:34:33
Johnny,Lollobrigida,Heavenly Gun,2006,12,5,2006-02-15 04:34:33
Johnny,Lollobrigida,Kramer Chocolate,2006,15,5,2006-02-15 04:34:33
Johnny,Lollobrigida,Love Suicides,2006,11,5,2006-02-15 04:34:33
Johnny,Lollobrigida,Metal Armageddon,2006,6,5,2006-02-15 04:34:33
Johnny,Lollobrigida,Pacific Amistad,2006,6,5,2006-02-15 04:34:33
Johnny,Lollobrigida,Patton Interview,2006,11,5,2006-02-15 04:34:33
Johnny,Lollobrigida,Pocus Pulp,2006,6,5,2006-02-15 04:34:33
Johnny,Lollobrigida,Ridgemont Submarine,2006,13,5,2006-02-15 04:34:33
Johnny,Lollobrigida,Rings Heartbreakers,2006,1,5,2006-02-15 04:34:33
Johnny,Lollobrigida,Smile Earring,2006,16,5,2006-02-15 04:34:33
Johnny,Lollobrigida,Soldiers Evolution,2006,14,5,2006-02-15 04:34:33
Johnny,Lollobrigida,Star Operation,2006,15,5,2006-02-15 04:34:33
Johnny,Lollobrigida,Sunrise League,2006,2,5,2006-02-15 04:34:33
Bette,Nicholson,Antitrust Tomatoes,2006,1,6,2006-02-15 04:34:33
Bette,Nicholson,Bang Kwai,2006,8,6,2006-02-15 04:34:33
Bette,Nicholson,Beast Hunchback,2006,4,6,2006-02-15 04:34:33
Bette,Nicholson,Bikini Borrowers,2006,2,6,2006-02-15 04:34:33
Bette,Nicholson,Calendar Gunfight,2006,9,6,2006-02-15 04:34:33
Bette,Nicholson,Coast Rainbow,2006,6,6,2006-02-15 04:34:33
Bette,Nicholson,Coldblooded Darling,2006,14,6,2006-02-15 04:34:33
Bette,Nicholson,Crossroads Casualties,2006,2,6,2006-02-15 04:34:33
Bette,Nicholson,Drop Waterfront,2006,15,6,2006-02-15 04:34:33
Bette,Nicholson,Igby Maker,2006,16,6,2006-02-15 04:34:33
Bette,Nicholson,Kramer Chocolate,2006,15,6,2006-02-15 04:34:33
Bette,Nicholson,Language Cowboy,2006,3,6,2006-02-15 04:34:33
Bette,Nicholson,Lesson Cleopatra,2006,15,6,2006-02-15 04:34:33
Bette,Nicholson,Liberty Magnificent,2006,15,6,2006-02-15 04:34:33
Bette,Nicholson,Mulholland Beast,2006,9,6,2006-02-15 04:34:33
Bette,Nicholson,Potluck Mixed,2006,2,6,2006-02-15 04:34:33
Bette,Nicholson,Speed Suit,2006,16,6,2006-02-15 04:34:33
Bette,Nicholson,Titanic Boondock,2006,2,6,2006-02-15 04:34:33
Bette,Nicholson,Trading Pinocchio,2006,15,6,2006-02-15 04:34:33
Bette,Nicholson,Wyoming Storm,2006,13,6,2006-02-15 04:34:33
Grace,Mostel,Angels Life,2006,13,7,2006-02-15 04:34:33
Grace,Mostel,Anonymous Human,2006,15,7,2006-02-15 04:34:33
Grace,Mostel,Arachnophobia Rollercoaster,2006,11,7,2006-02-15 04:34:33
Grace,Mostel,Berets Agent,2006,1,7,2006-02-15 04:34:33
Grace,Mostel,Breaking Home,2006,13,7,2006-02-15 04:34:33
Grace,Mostel,Command Darling,2006,9,7,2006-02-15 04:34:33
Grace,Mostel,Confessions Maguire,2006,7,7,2006-02-15 04:34:33
Grace,Mostel,Dazed Punk,2006,10,7,2006-02-15 04:34:33
Grace,Mostel,Deceiver Betrayed,2006,7,7,2006-02-15 04:34:33
Grace,Mostel,Destination Jerk,2006,7,7,2006-02-15 04:34:33
Grace,Mostel,Excitement Eve,2006,1,7,2006-02-15 04:34:33
Grace,Mostel,Gaslight Crusade,2006,11,7,2006-02-15 04:34:33
Grace,Mostel,Hellfighters Sierra,2006,9,7,2006-02-15 04:34:33
Grace,Mostel,Instinct Airport,2006,15,7,2006-02-15 04:34:33
Grace,Mostel,Malkovich Pet,2006,4,7,2006-02-15 04:34:33
Grace,Mostel,Necklace Outbreak,2006,7,7,2006-02-15 04:34:33
Grace,Mostel,October Submarine,2006,4,7,2006-02-15 04:34:33
Grace,Mostel,Open African,2006,14,7,2006-02-15 04:34:33
Grace,Mostel,Poseidon Forever,2006,15,7,2006-02-15 04:34:33
Grace,Mostel,Saints Bride,2006,7,7,2006-02-15 04:34:33
Grace,Mostel,Savannah Town,2006,7,7,2006-02-15 04:34:33
Grace,Mostel,Scissorhands Slums,2006,9,7,2006-02-15 04:34:33
Grace,Mostel,Sleepless Monsoon,2006,2,7,2006-02-15 04:34:33
Grace,Mostel,Sleepy Japanese,2006,13,7,2006-02-15 04:34:33
Grace,Mostel,Sting Personal,2006,13,7,2006-02-15 04:34:33
Grace,Mostel,Town Ark,2006,9,7,2006-02-15 04:34:33
Grace,Mostel,Tracy Cider,2006,2,7,2006-02-15 04:34:33
Grace,Mostel,Treatment Jekyll,2006,7,7,2006-02-15 04:34:33
Grace,Mostel,War Notting,2006,9,7,2006-02-15 04:34:33
Grace,Mostel,Warlock Werewolf,2006,3,7,2006-02-15 04:34:33
Matthew,Johansson,Baby Hall,2006,9,8,2006-02-15 04:34:33
Matthew,Johansson,Campus Remember,2006,1,8,2006-02-15 04:34:33
Matthew,Johansson,Clones Pinocchio,2006,12,8,2006-02-15 04:34:33
Matthew,Johansson,Conquerer Nuts,2006,7,8,2006-02-15 04:34:33
Matthew,Johansson,Crowds Telemark,2006,14,8,2006-02-15 04:34:33
Matthew,Johansson,Dances None,2006,1,8,2006-02-15 04:34:33
Matthew,Johansson,Driving Polish,2006,12,8,2006-02-15 04:34:33
Matthew,Johansson,Durham Panky,2006,15,8,2006-02-15 04:34:33
Matthew,Johansson,Flash Wars,2006,13,8,2006-02-15 04:34:33
Matthew,Johansson,Hanging Deep,2006,7,8,2006-02-15 04:34:33
Matthew,Johansson,Indian Love,2006,8,8,2006-02-15 04:34:33
Matthew,Johansson,Lights Deer,2006,4,8,2006-02-15 04:34:33
Matthew,Johansson,Loser Hustler,2006,15,8,2006-02-15 04:34:33
Matthew,Johansson,Malkovich Pet,2006,4,8,2006-02-15 04:34:33
Matthew,Johansson,Runner Madigan,2006,12,8,2006-02-15 04:34:33
Matthew,Johansson,School Jacket,2006,9,8,2006-02-15 04:34:33
Matthew,Johansson,Scorpion Apollo,2006,7,8,2006-02-15 04:34:33
Matthew,Johansson,Sugar Wonka,2006,2,8,2006-02-15 04:34:33
Matthew,Johansson,Tomorrow Hustler,2006,4,8,2006-02-15 04:34:33
Matthew,Johansson,Vanishing Rocky,2006,12,8,2006-02-15 04:34:33
Joe,Swank,Anything Savannah,2006,11,9,2006-02-15 04:34:33
Joe,Swank,Birch Antitrust,2006,12,9,2006-02-15 04:34:33
Joe,Swank,Chocolat Harry,2006,8,9,2006-02-15 04:34:33
Joe,Swank,Chocolate Duck,2006,9,9,2006-02-15 04:34:33
Joe,Swank,Crooked Frogmen,2006,3,9,2006-02-15 04:34:33
Joe,Swank,Curtain Videotape,2006,10,9,2006-02-15 04:34:33
Joe,Swank,Dalmations Sweden,2006,7,9,2006-02-15 04:34:33
Joe,Swank,Horror Reign,2006,16,9,2006-02-15 04:34:33
Joe,Swank,Lawless Vision,2006,2,9,2006-02-15 04:34:33
Joe,Swank,Lebowski Soldiers,2006,7,9,2006-02-15 04:34:33
Joe,Swank,Majestic Floats,2006,6,9,2006-02-15 04:34:33
Joe,Swank,Pacific Amistad,2006,6,9,2006-02-15 04:34:33
Joe,Swank,Perdition Fargo,2006,15,9,2006-02-15 04:34:33
Joe,Swank,Primary Glass,2006,1,9,2006-02-15 04:34:33
Joe,Swank,Reef Salute,2006,11,9,2006-02-15 04:34:33
Joe,Swank,Runner Madigan,2006,12,9,2006-02-15 04:34:33
Joe,Swank,Smile Earring,2006,16,9,2006-02-15 04:34:33
Joe,Swank,Snatchers Montezuma,2006,4,9,2006-02-15 04:34:33
Joe,Swank,Sunrise League,2006,2,9,2006-02-15 04:34:33
Joe,Swank,Sweethearts Suspects,2006,3,9,2006-02-15 04:34:33
Joe,Swank,Ties Hunger,2006,3,9,2006-02-15 04:34:33
Joe,Swank,Traffic Hobbit,2006,16,9,2006-02-15 04:34:33
Joe,Swank,Untouchables Sunrise,2006,6,9,2006-02-15 04:34:33
Joe,Swank,Waterfront Deliverance,2006,1,9,2006-02-15 04:34:33
Joe,Swank,Wild Apollo,2006,13,9,2006-02-15 04:34:33
Christian,Gable,Academy Dinosaur,2006,6,10,2006-02-15 04:34:33
Christian,Gable,Alabama Devil,2006,11,10,2006-02-15 04:34:33
Christian,Gable,Crooked Frogmen,2006,3,10,2006-02-15 04:34:33
Christian,Gable,Divine Resurrection,2006,10,10,2006-02-15 04:34:33
Christian,Gable,Dragonfly Strangers,2006,13,10,2006-02-15 04:34:33
Christian,Gable,Goldfinger Sensibility,2006,7,10,2006-02-15 04:34:33
Christian,Gable,Jawbreaker Brooklyn,2006,12,10,2006-02-15 04:34:33
Christian,Gable,Jeepers Wedding,2006,4,10,2006-02-15 04:34:33
Christian,Gable,Life Twisted,2006,5,10,2006-02-15 04:34:33
Christian,Gable,Lord Arizona,2006,1,10,2006-02-15 04:34:33
Christian,Gable,Mod Secretary,2006,6,10,2006-02-15 04:34:33
Christian,Gable,Prejudice Oleander,2006,4,10,2006-02-15 04:34:33
Christian,Gable,Punk Divorce,2006,2,10,2006-02-15 04:34:33
Christian,Gable,Reap Unfaithful,2006,11,10,2006-02-15 04:34:33
Christian,Gable,Shakespeare Saddle,2006,15,10,2006-02-15 04:34:33
Christian,Gable,Trouble Date,2006,16,10,2006-02-15 04:34:33
Christian,Gable,Usual Untouchables,2006,9,10,2006-02-15 04:34:33
Christian,Gable,Vacation Boondock,2006,14,10,2006-02-15 04:34:33
Christian,Gable,Waterfront Deliverance,2006,1,10,2006-02-15 04:34:33
Christian,Gable,Wedding Apollo,2006,6,10,2006-02-15 04:34:33
Christian,Gable,Wizard Coldblooded,2006,12,10,2006-02-15 04:34:33
Christian,Gable,Won Dares,2006,12,10,2006-02-15 04:34:33
Zero,Cage,Canyon Stock,2006,2,11,2006-02-15 04:34:33
Zero,Cage,Dances None,2006,1,11,2006-02-15 04:34:33
Zero,Cage,Encino Elf,2006,10,11,2006-02-15 04:34:33
Zero,Cage,Ending Crowds,2006,13,11,2006-02-15 04:34:33
Zero,Cage,Gandhi Kwai,2006,8,11,2006-02-15 04:34:33
Zero,Cage,Godfather Diary,2006,13,11,2006-02-15 04:34:33
Zero,Cage,Handicap Boondock,2006,1,11,2006-02-15 04:34:33
Zero,Cage,Honey Ties,2006,15,11,2006-02-15 04:34:33
Zero,Cage,Horn Working,2006,2,11,2006-02-15 04:34:33
Zero,Cage,Image Princess,2006,15,11,2006-02-15 04:34:33
Zero,Cage,Jersey Sassy,2006,3,11,2006-02-15 04:34:33
Zero,Cage,Loser Hustler,2006,15,11,2006-02-15 04:34:33
Zero,Cage,Meet Chocolate,2006,9,11,2006-02-15 04:34:33
Zero,Cage,Mod Secretary,2006,6,11,2006-02-15 04:34:33
Zero,Cage,Moonwalker Fool,2006,10,11,2006-02-15 04:34:33
Zero,Cage,Oleander Clue,2006,12,11,2006-02-15 04:34:33
Zero,Cage,Racer Egg,2006,7,11,2006-02-15 04:34:33
Zero,Cage,Story Side,2006,1,11,2006-02-15 04:34:33
Zero,Cage,Strangers Graffiti,2006,11,11,2006-02-15 04:34:33
Zero,Cage,Thin Sagebrush,2006,6,11,2006-02-15 04:34:33
Zero,Cage,Tootsie Pilot,2006,3,11,2006-02-15 04:34:33
Zero,Cage,Uptown Young,2006,3,11,2006-02-15 04:34:33
Zero,Cage,Velvet Terminator,2006,5,11,2006-02-15 04:34:33
Zero,Cage,West Lion,2006,7,11,2006-02-15 04:34:33
Zero,Cage,Worker Tarzan,2006,16,11,2006-02-15 04:34:33
Karl,Berry,Alley Evolution,2006,9,12,2006-02-15 04:34:33
Karl,Berry,Alone Trip,2006,12,12,2006-02-15 04:34:33
Karl,Berry,Arabia Dogma,2006,11,12,2006-02-15 04:34:33
Karl,Berry,Arizona Bang,2006,4,12,2006-02-15 04:34:33
Karl,Berry,Bound Cheaper,2006,4,12,2006-02-15 04:34:33
Karl,Berry,Bowfinger Gables,2006,11,12,2006-02-15 04:34:33
Karl,Berry,Bunch Minds,2006,7,12,2006-02-15 04:34:33
Karl,Berry,Cleopatra Devil,2006,13,12,2006-02-15 04:34:33
Karl,Berry,Connecticut Tramp,2006,14,12,2006-02-15 04:34:33
Karl,Berry,Dares Pluto,2006,2,12,2006-02-15 04:34:33
Karl,Berry,Date Speed,2006,8,12,2006-02-15 04:34:33
Karl,Berry,Day Unfaithful,2006,13,12,2006-02-15 04:34:33
Karl,Berry,Doors President,2006,2,12,2006-02-15 04:34:33
Karl,Berry,Fury Murder,2006,3,12,2006-02-15 04:34:33
Karl,Berry,Hardly Robbers,2006,6,12,2006-02-15 04:34:33
Karl,Berry,Highball Potter,2006,9,12,2006-02-15 04:34:33
Karl,Berry,Holes Brannigan,2006,15,12,2006-02-15 04:34:33
Karl,Berry,Independence Hotel,2006,6,12,2006-02-15 04:34:33
Karl,Berry,Leathernecks Dwarfs,2006,16,12,2006-02-15 04:34:33
Karl,Berry,Lucky Flying,2006,12,12,2006-02-15 04:34:33
Karl,Berry,Monterey Labyrinth,2006,11,12,2006-02-15 04:34:33
Karl,Berry,Novocaine Flight,2006,15,12,2006-02-15 04:34:33
Karl,Berry,Oklahoma Jumanji,2006,13,12,2006-02-15 04:34:33
Karl,Berry,Perfect Groove,2006,5,12,2006-02-15 04:34:33
Karl,Berry,Reap Unfaithful,2006,11,12,2006-02-15 04:34:33
Karl,Berry,Reunion Witches,2006,7,12,2006-02-15 04:34:33
Karl,Berry,Smoking Barbarella,2006,6,12,2006-02-15 04:34:33
Karl,Berry,Stagecoach Armageddon,2006,1,12,2006-02-15 04:34:33
Karl,Berry,Sweden Shining,2006,5,12,2006-02-15 04:34:33
Karl,Berry,Telemark Heartbreakers,2006,2,12,2006-02-15 04:34:33
Karl,Berry,Virginian Pluto,2006,6,12,2006-02-15 04:34:33
Uma,Wood,Alone Trip,2006,12,13,2006-02-15 04:34:33
Uma,Wood,Antitrust Tomatoes,2006,1,13,2006-02-15 04:34:33
Uma,Wood,Attraction Newton,2006,13,13,2006-02-15 04:34:33
Uma,Wood,Boondock Ballroom,2006,16,13,2006-02-15 04:34:33
Uma,Wood,Cabin Flash,2006,3,13,2006-02-15 04:34:33
Uma,Wood,Chinatown Gladiator,2006,13,13,2006-02-15 04:34:33
Uma,Wood,Clash Freddy,2006,2,13,2006-02-15 04:34:33
Uma,Wood,Clueless Bucket,2006,1,13,2006-02-15 04:34:33
Uma,Wood,Daisy Menagerie,2006,14,13,2006-02-15 04:34:33
Uma,Wood,Driver Annie,2006,15,13,2006-02-15 04:34:33
Uma,Wood,Frida Slipper,2006,9,13,2006-02-15 04:34:33
Uma,Wood,Galaxy Sweethearts,2006,4,13,2006-02-15 04:34:33
Uma,Wood,Grinch Massage,2006,10,13,2006-02-15 04:34:33
Uma,Wood,Groundhog Uncut,2006,5,13,2006-02-15 04:34:33
Uma,Wood,Homeward Cider,2006,6,13,2006-02-15 04:34:33
Uma,Wood,Inch Jet,2006,2,13,2006-02-15 04:34:33
Uma,Wood,Leathernecks Dwarfs,2006,16,13,2006-02-15 04:34:33
Uma,Wood,Legally Secretary,2006,3,13,2006-02-15 04:34:33
Uma,Wood,Life Twisted,2006,5,13,2006-02-15 04:34:33
Uma,Wood,Lion Uncut,2006,5,13,2006-02-15 04:34:33
Uma,Wood,Lolita World,2006,8,13,2006-02-15 04:34:33
Uma,Wood,Metal Armageddon,2006,6,13,2006-02-15 04:34:33
Uma,Wood,Model Fish,2006,3,13,2006-02-15 04:34:33
Uma,Wood,Moonwalker Fool,2006,10,13,2006-02-15 04:34:33
Uma,Wood,Motions Details,2006,11,13,2006-02-15 04:34:33
Uma,Wood,Rebel Airport,2006,12,13,2006-02-15 04:34:33
Uma,Wood,Rider Caddyshack,2006,15,13,2006-02-15 04:34:33
Uma,Wood,Snowman Rollercoaster,2006,2,13,2006-02-15 04:34:33
Uma,Wood,Soldiers Evolution,2006,14,13,2006-02-15 04:34:33
Uma,Wood,Splash Gump,2006,8,13,2006-02-15 04:34:33
Uma,Wood,Splendor Patton,2006,3,13,2006-02-15 04:34:33
Uma,Wood,Steel Santa,2006,4,13,2006-02-15 04:34:33
Uma,Wood,Torque Bound,2006,7,13,2006-02-15 04:34:33
Uma,Wood,Wedding Apollo,2006,6,13,2006-02-15 04:34:33
Uma,Wood,Zhivago Core,2006,11,13,2006-02-15 04:34:33
Vivien,Bergen,Clash Freddy,2006,2,14,2006-02-15 04:34:33
Vivien,Bergen,Cranes Reservoir,2006,15,14,2006-02-15 04:34:33
Vivien,Bergen,Dirty Ace,2006,10,14,2006-02-15 04:34:33
Vivien,Bergen,Donnie Alley,2006,2,14,2006-02-15 04:34:33
Vivien,Bergen,Drifter Commandments,2006,1,14,2006-02-15 04:34:33
Vivien,Bergen,Driving Polish,2006,12,14,2006-02-15 04:34:33
Vivien,Bergen,Drums Dynamite,2006,11,14,2006-02-15 04:34:33
Vivien,Bergen,Enemy Odds,2006,12,14,2006-02-15 04:34:33
Vivien,Bergen,Excitement Eve,2006,1,14,2006-02-15 04:34:33
Vivien,Bergen,Gorgeous Bingo,2006,3,14,2006-02-15 04:34:33
Vivien,Bergen,High Encino,2006,11,14,2006-02-15 04:34:33
Vivien,Bergen,Hills Neighbors,2006,1,14,2006-02-15 04:34:33
Vivien,Bergen,Hobbit Alien,2006,7,14,2006-02-15 04:34:33
Vivien,Bergen,Impact Aladdin,2006,12,14,2006-02-15 04:34:33
Vivien,Bergen,Italian African,2006,16,14,2006-02-15 04:34:33
Vivien,Bergen,Japanese Run,2006,11,14,2006-02-15 04:34:33
Vivien,Bergen,Kentuckian Giant,2006,11,14,2006-02-15 04:34:33
Vivien,Bergen,Lovely Jingle,2006,4,14,2006-02-15 04:34:33
Vivien,Bergen,Lover Truman,2006,4,14,2006-02-15 04:34:33
Vivien,Bergen,Mussolini Spoilers,2006,15,14,2006-02-15 04:34:33
Vivien,Bergen,Polish Brooklyn,2006,3,14,2006-02-15 04:34:33
Vivien,Bergen,Salute Apollo,2006,13,14,2006-02-15 04:34:33
Vivien,Bergen,Saturday Lambs,2006,15,14,2006-02-15 04:34:33
Vivien,Bergen,Stock Glass,2006,13,14,2006-02-15 04:34:33
Vivien,Bergen,Streetcar Intentions,2006,11,14,2006-02-15 04:34:33
Vivien,Bergen,Tights Dawn,2006,15,14,2006-02-15 04:34:33
Vivien,Bergen,Trap Guys,2006,9,14,2006-02-15 04:34:33
Vivien,Bergen,Tycoon Gathering,2006,10,14,2006-02-15 04:34:33
Vivien,Bergen,Voice Peach,2006,13,14,2006-02-15 04:34:33
Vivien,Bergen,Westward Seabiscuit,2006,4,14,2006-02-15 04:34:33
Cuba,Olivier,Apache Divine,2006,8,15,2006-02-15 04:34:33
Cuba,Olivier,Borrowers Bedazzled,2006,2,15,2006-02-15 04:34:33
Cuba,Olivier,Bound Cheaper,2006,4,15,2006-02-15 04:34:33
Cuba,Olivier,Butch Panther,2006,13,15,2006-02-15 04:34:33
Cuba,Olivier,Cassidy Wyoming,2006,16,15,2006-02-15 04:34:33
Cuba,Olivier,Divine Resurrection,2006,10,15,2006-02-15 04:34:33
Cuba,Olivier,Egypt Tenenbaums,2006,11,15,2006-02-15 04:34:33
Cuba,Olivier,Empire Malkovich,2006,3,15,2006-02-15 04:34:33
Cuba,Olivier,Flying Hook,2006,2,15,2006-02-15 04:34:33
Cuba,Olivier,Fugitive Maguire,2006,16,15,2006-02-15 04:34:33
Cuba,Olivier,Hellfighters Sierra,2006,9,15,2006-02-15 04:34:33
Cuba,Olivier,Hyde Doctor,2006,4,15,2006-02-15 04:34:33
Cuba,Olivier,Kiss Glory,2006,9,15,2006-02-15 04:34:33
Cuba,Olivier,Knock Warlock,2006,5,15,2006-02-15 04:34:33
Cuba,Olivier,Luke Mummy,2006,2,15,2006-02-15 04:34:33
Cuba,Olivier,Maker Gables,2006,3,15,2006-02-15 04:34:33
Cuba,Olivier,Montezuma Command,2006,1,15,2006-02-15 04:34:33
Cuba,Olivier,Noon Papi,2006,3,15,2006-02-15 04:34:33
Cuba,Olivier,Oklahoma Jumanji,2006,13,15,2006-02-15 04:34:33
Cuba,Olivier,Roses Treasure,2006,15,15,2006-02-15 04:34:33
Cuba,Olivier,Shane Darkness,2006,16,15,2006-02-15 04:34:33
Cuba,Olivier,Siege Madre,2006,8,15,2006-02-15 04:34:33
Cuba,Olivier,Soldiers Evolution,2006,14,15,2006-02-15 04:34:33
Cuba,Olivier,Theory Mermaid,2006,2,15,2006-02-15 04:34:33
Cuba,Olivier,Unforgiven Zoolander,2006,14,15,2006-02-15 04:34:33
Cuba,Olivier,Volcano Texas,2006,10,15,2006-02-15 04:34:33
Cuba,Olivier,Werewolf Lola,2006,1,15,2006-02-15 04:34:33
Cuba,Olivier,Wonderland Christmas,2006,14,15,2006-02-15 04:34:33
Fred,Costner,Blanket Beverly,2006,8,16,2006-02-15 04:34:33
Fred,Costner,Boondock Ballroom,2006,16,16,2006-02-15 04:34:33
Fred,Costner,Brotherhood Blanket,2006,6,16,2006-02-15 04:34:33
Fred,Costner,Carol Texas,2006,2,16,2006-02-15 04:34:33
Fred,Costner,Cleopatra Devil,2006,13,16,2006-02-15 04:34:33
Fred,Costner,Connecticut Tramp,2006,14,16,2006-02-15 04:34:33
Fred,Costner,Deceiver Betrayed,2006,7,16,2006-02-15 04:34:33
Fred,Costner,Deliverance Mulholland,2006,6,16,2006-02-15 04:34:33
Fred,Costner,Eagles Panky,2006,13,16,2006-02-15 04:34:33
Fred,Costner,Earring Instinct,2006,8,16,2006-02-15 04:34:33
Fred,Costner,Easy Gladiator,2006,1,16,2006-02-15 04:34:33
Fred,Costner,Empire Malkovich,2006,3,16,2006-02-15 04:34:33
Fred,Costner,Entrapment Satisfaction,2006,1,16,2006-02-15 04:34:33
Fred,Costner,Gables Metropolis,2006,8,16,2006-02-15 04:34:33
Fred,Costner,Human Graffiti,2006,10,16,2006-02-15 04:34:33
Fred,Costner,Image Princess,2006,15,16,2006-02-15 04:34:33
Fred,Costner,Impossible Prejudice,2006,9,16,2006-02-15 04:34:33
Fred,Costner,Inch Jet,2006,2,16,2006-02-15 04:34:33
Fred,Costner,Kramer Chocolate,2006,15,16,2006-02-15 04:34:33
Fred,Costner,Magnificent Chitty,2006,4,16,2006-02-15 04:34:33
Fred,Costner,Miracle Virtual,2006,2,16,2006-02-15 04:34:33
Fred,Costner,Mission Zoolander,2006,2,16,2006-02-15 04:34:33
Fred,Costner,Rear Trading,2006,1,16,2006-02-15 04:34:33
Fred,Costner,Saints Bride,2006,7,16,2006-02-15 04:34:33
Fred,Costner,Sense Greek,2006,15,16,2006-02-15 04:34:33
Fred,Costner,Theory Mermaid,2006,2,16,2006-02-15 04:34:33
Fred,Costner,Weekend Personal,2006,14,16,2006-02-15 04:34:33
Helen,Voight,Breaking Home,2006,13,17,2006-02-15 04:34:33
Helen,Voight,Caper Motions,2006,5,17,2006-02-15 04:34:33
Helen,Voight,Casper Dragonfly,2006,3,17,2006-02-15 04:34:33
Helen,Voight,Cat Coneheads,2006,5,17,2006-02-15 04:34:33
Helen,Voight,Clash Freddy,2006,2,17,2006-02-15 04:34:33
Helen,Voight,Cupboard Sinners,2006,6,17,2006-02-15 04:34:33
Helen,Voight,Cyclone Family,2006,9,17,2006-02-15 04:34:33
Helen,Voight,Divine Resurrection,2006,10,17,2006-02-15 04:34:33
Helen,Voight,Empire Malkovich,2006,3,17,2006-02-15 04:34:33
Helen,Voight,Fever Empire,2006,10,17,2006-02-15 04:34:33
Helen,Voight,Fidelity Devil,2006,11,17,2006-02-15 04:34:33
Helen,Voight,Greatest North,2006,12,17,2006-02-15 04:34:33
Helen,Voight,Independence Hotel,2006,6,17,2006-02-15 04:34:33
Helen,Voight,Iron Moon,2006,4,17,2006-02-15 04:34:33
Helen,Voight,Jaws Harry,2006,5,17,2006-02-15 04:34:33
Helen,Voight,Kiss Glory,2006,9,17,2006-02-15 04:34:33
Helen,Voight,Legally Secretary,2006,3,17,2006-02-15 04:34:33
Helen,Voight,Lies Treatment,2006,7,17,2006-02-15 04:34:33
Helen,Voight,Microcosmos Paradise,2006,3,17,2006-02-15 04:34:33
Helen,Voight,Movie Shakespeare,2006,8,17,2006-02-15 04:34:33
Helen,Voight,Mummy Creatures,2006,15,17,2006-02-15 04:34:33
Helen,Voight,Road Roxanne,2006,6,17,2006-02-15 04:34:33
Helen,Voight,Scissorhands Slums,2006,9,17,2006-02-15 04:34:33
Helen,Voight,Side Ark,2006,1,17,2006-02-15 04:34:33
Helen,Voight,Sinners Atlantis,2006,11,17,2006-02-15 04:34:33
Helen,Voight,Stranger Strangers,2006,3,17,2006-02-15 04:34:33
Helen,Voight,Sweethearts Suspects,2006,3,17,2006-02-15 04:34:33
Helen,Voight,Tadpole Park,2006,4,17,2006-02-15 04:34:33
Helen,Voight,Telemark Heartbreakers,2006,2,17,2006-02-15 04:34:33
Helen,Voight,Voice Peach,2006,13,17,2006-02-15 04:34:33
Helen,Voight,War Notting,2006,9,17,2006-02-15 04:34:33
Helen,Voight,Warlock Werewolf,2006,3,17,2006-02-15 04:34:33
Dan,Torn,Attacks Hate,2006,14,18,2006-02-15 04:34:33
Dan,Torn,Boiled Dares,2006,16,18,2006-02-15 04:34:33
Dan,Torn,Chinatown Gladiator,2006,13,18,2006-02-15 04:34:33
Dan,Torn,Coneheads Smoochy,2006,7,18,2006-02-15 04:34:33
Dan,Torn,Early Home,2006,2,18,2006-02-15 04:34:33
Dan,Torn,Elizabeth Shane,2006,15,18,2006-02-15 04:34:33
Dan,Torn,Empire Malkovich,2006,3,18,2006-02-15 04:34:33
Dan,Torn,Flash Wars,2006,13,18,2006-02-15 04:34:33
Dan,Torn,Gump Date,2006,16,18,2006-02-15 04:34:33
Dan,Torn,Innocent Usual,2006,9,18,2006-02-15 04:34:33
Dan,Torn,Insider Arizona,2006,12,18,2006-02-15 04:34:33
Dan,Torn,Jerk Paycheck,2006,4,18,2006-02-15 04:34:33
Dan,Torn,Lovely Jingle,2006,4,18,2006-02-15 04:34:33
Dan,Torn,Mask Peach,2006,13,18,2006-02-15 04:34:33
Dan,Torn,Mussolini Spoilers,2006,15,18,2006-02-15 04:34:33
Dan,Torn,Rear Trading,2006,1,18,2006-02-15 04:34:33
Dan,Torn,Sling Luke,2006,4,18,2006-02-15 04:34:33
Dan,Torn,State Wasteland,2006,10,18,2006-02-15 04:34:33
Dan,Torn,Sun Confessions,2006,14,18,2006-02-15 04:34:33
Dan,Torn,Tequila Past,2006,3,18,2006-02-15 04:34:33
Dan,Torn,Tuxedo Mile,2006,15,18,2006-02-15 04:34:33
Dan,Torn,Virgin Daisy,2006,7,18,2006-02-15 04:34:33
Bob,Fawcett,Ace Goldfinger,2006,11,19,2006-02-15 04:34:33
Bob,Fawcett,Adaptation Holes,2006,6,19,2006-02-15 04:34:33
Bob,Fawcett,Chinatown Gladiator,2006,13,19,2006-02-15 04:34:33
Bob,Fawcett,Circus Youth,2006,3,19,2006-02-15 04:34:33
Bob,Fawcett,Control Anthem,2006,5,19,2006-02-15 04:34:33
Bob,Fawcett,Dares Pluto,2006,2,19,2006-02-15 04:34:33
Bob,Fawcett,Darn Forrester,2006,1,19,2006-02-15 04:34:33
Bob,Fawcett,Dazed Punk,2006,10,19,2006-02-15 04:34:33
Bob,Fawcett,Dynamite Tarzan,2006,4,19,2006-02-15 04:34:33
Bob,Fawcett,Hate Handicap,2006,5,19,2006-02-15 04:34:33
Bob,Fawcett,Homicide Peach,2006,8,19,2006-02-15 04:34:33
Bob,Fawcett,Jacket Frisco,2006,7,19,2006-02-15 04:34:33
Bob,Fawcett,Jumanji Blade,2006,13,19,2006-02-15 04:34:33
Bob,Fawcett,Lawless Vision,2006,2,19,2006-02-15 04:34:33
Bob,Fawcett,Leathernecks Dwarfs,2006,16,19,2006-02-15 04:34:33
Bob,Fawcett,Oscar Gold,2006,2,19,2006-02-15 04:34:33
Bob,Fawcett,Pelican Comforts,2006,6,19,2006-02-15 04:34:33
Bob,Fawcett,Personal Ladybugs,2006,12,19,2006-02-15 04:34:33
Bob,Fawcett,Raging Airplane,2006,14,19,2006-02-15 04:34:33
Bob,Fawcett,Run Pacific,2006,13,19,2006-02-15 04:34:33
Bob,Fawcett,Runner Madigan,2006,12,19,2006-02-15 04:34:33
Bob,Fawcett,Saddle Antitrust,2006,5,19,2006-02-15 04:34:33
Bob,Fawcett,Scorpion Apollo,2006,7,19,2006-02-15 04:34:33
Bob,Fawcett,Shawshank Bubble,2006,16,19,2006-02-15 04:34:33
Bob,Fawcett,Taxi Kick,2006,12,19,2006-02-15 04:34:33
Lucille,Tracy,Academy Dinosaur,2006,6,20,2006-02-15 04:34:33
Lucille,Tracy,Banger Pinocchio,2006,12,20,2006-02-15 04:34:33
Lucille,Tracy,Bedazzled Married,2006,8,20,2006-02-15 04:34:33
Lucille,Tracy,Cheaper Clyde,2006,14,20,2006-02-15 04:34:33
Lucille,Tracy,Chitty Lock,2006,7,20,2006-02-15 04:34:33
Lucille,Tracy,Coldblooded Darling,2006,14,20,2006-02-15 04:34:33
Lucille,Tracy,Dinosaur Secretary,2006,8,20,2006-02-15 04:34:33
Lucille,Tracy,Doors President,2006,2,20,2006-02-15 04:34:33
Lucille,Tracy,Earring Instinct,2006,8,20,2006-02-15 04:34:33
Lucille,Tracy,Egg Igby,2006,6,20,2006-02-15 04:34:33
Lucille,Tracy,Gandhi Kwai,2006,8,20,2006-02-15 04:34:33
Lucille,Tracy,Goldfinger Sensibility,2006,7,20,2006-02-15 04:34:33
Lucille,Tracy,Hyde Doctor,2006,4,20,2006-02-15 04:34:33
Lucille,Tracy,Jaws Harry,2006,5,20,2006-02-15 04:34:33
Lucille,Tracy,Jungle Closer,2006,13,20,2006-02-15 04:34:33
Lucille,Tracy,King Evolution,2006,8,20,2006-02-15 04:34:33
Lucille,Tracy,Lola Agent,2006,11,20,2006-02-15 04:34:33
Lucille,Tracy,Lose Inch,2006,9,20,2006-02-15 04:34:33
Lucille,Tracy,Loverboy Attacks,2006,13,20,2006-02-15 04:34:33
Lucille,Tracy,Modern Dorado,2006,6,20,2006-02-15 04:34:33
Lucille,Tracy,Orient Closer,2006,7,20,2006-02-15 04:34:33
Lucille,Tracy,Pajama Jawbreaker,2006,4,20,2006-02-15 04:34:33
Lucille,Tracy,Patient Sister,2006,4,20,2006-02-15 04:34:33
Lucille,Tracy,Random Go,2006,14,20,2006-02-15 04:34:33
Lucille,Tracy,Rear Trading,2006,1,20,2006-02-15 04:34:33
Lucille,Tracy,Sagebrush Clueless,2006,6,20,2006-02-15 04:34:33
Lucille,Tracy,Shanghai Tycoon,2006,16,20,2006-02-15 04:34:33
Lucille,Tracy,Sun Confessions,2006,14,20,2006-02-15 04:34:33
Lucille,Tracy,Wasteland Divine,2006,4,20,2006-02-15 04:34:33
Lucille,Tracy,Window Side,2006,16,20,2006-02-15 04:34:33
Kirsten,Paltrow,Agent Truman,2006,9,21,2006-02-15 04:34:33
Kirsten,Paltrow,Boondock Ballroom,2006,16,21,2006-02-15 04:34:33
Kirsten,Paltrow,Born Spinal,2006,16,21,2006-02-15 04:34:33
Kirsten,Paltrow,Chicken Hellfighters,2006,6,21,2006-02-15 04:34:33
Kirsten,Paltrow,Closer Bang,2006,5,21,2006-02-15 04:34:33
Kirsten,Paltrow,Conquerer Nuts,2006,7,21,2006-02-15 04:34:33
Kirsten,Paltrow,Drifter Commandments,2006,1,21,2006-02-15 04:34:33
Kirsten,Paltrow,Encino Elf,2006,10,21,2006-02-15 04:34:33
Kirsten,Paltrow,Flash Wars,2006,13,21,2006-02-15 04:34:33
Kirsten,Paltrow,Hanover Galaxy,2006,12,21,2006-02-15 04:34:33
Kirsten,Paltrow,Home Pity,2006,12,21,2006-02-15 04:34:33
Kirsten,Paltrow,Honey Ties,2006,15,21,2006-02-15 04:34:33
Kirsten,Paltrow,Kill Brotherhood,2006,6,21,2006-02-15 04:34:33
Kirsten,Paltrow,Ladybugs Armageddon,2006,10,21,2006-02-15 04:34:33
Kirsten,Paltrow,Lord Arizona,2006,1,21,2006-02-15 04:34:33
Kirsten,Paltrow,Pinocchio Simon,2006,5,21,2006-02-15 04:34:33
Kirsten,Paltrow,Pluto Oleander,2006,13,21,2006-02-15 04:34:33
Kirsten,Paltrow,Prix Undefeated,2006,8,21,2006-02-15 04:34:33
Kirsten,Paltrow,Pulp Beverly,2006,11,21,2006-02-15 04:34:33
Kirsten,Paltrow,River Outlaw,2006,15,21,2006-02-15 04:34:33
Kirsten,Paltrow,Road Roxanne,2006,6,21,2006-02-15 04:34:33
Kirsten,Paltrow,Silverado Goldfinger,2006,14,21,2006-02-15 04:34:33
Kirsten,Paltrow,Sleeping Suspects,2006,11,21,2006-02-15 04:34:33
Kirsten,Paltrow,Thief Pelican,2006,2,21,2006-02-15 04:34:33
Kirsten,Paltrow,Titans Jerk,2006,14,21,2006-02-15 04:34:33
Kirsten,Paltrow,Unbreakable Karate,2006,13,21,2006-02-15 04:34:33
Kirsten,Paltrow,Won Dares,2006,12,21,2006-02-15 04:34:33
Elvis,Marx,Alabama Devil,2006,11,22,2006-02-15 04:34:33
Elvis,Marx,Anaconda Confessions,2006,2,22,2006-02-15 04:34:33
Elvis,Marx,Barefoot Manchurian,2006,1,22,2006-02-15 04:34:33
Elvis,Marx,Borrowers Bedazzled,2006,2,22,2006-02-15 04:34:33
Elvis,Marx,Caddyshack Jedi,2006,1,22,2006-02-15 04:34:33
Elvis,Marx,Chitty Lock,2006,7,22,2006-02-15 04:34:33
Elvis,Marx,Evolution Alter,2006,15,22,2006-02-15 04:34:33
Elvis,Marx,Expecations Natural,2006,16,22,2006-02-15 04:34:33
Elvis,Marx,Gangs Pride,2006,2,22,2006-02-15 04:34:33
Elvis,Marx,Goodfellas Salute,2006,14,22,2006-02-15 04:34:33
Elvis,Marx,Hobbit Alien,2006,7,22,2006-02-15 04:34:33
Elvis,Marx,Hook Chariots,2006,2,22,2006-02-15 04:34:33
Elvis,Marx,Jericho Mulan,2006,10,22,2006-02-15 04:34:33
Elvis,Marx,Jumping Wrath,2006,3,22,2006-02-15 04:34:33
Elvis,Marx,Kentuckian Giant,2006,11,22,2006-02-15 04:34:33
Elvis,Marx,Lovely Jingle,2006,4,22,2006-02-15 04:34:33
Elvis,Marx,Motions Details,2006,11,22,2006-02-15 04:34:33
Elvis,Marx,Odds Boogie,2006,8,22,2006-02-15 04:34:33
Elvis,Marx,Outlaw Hanky,2006,16,22,2006-02-15 04:34:33
Elvis,Marx,Polish Brooklyn,2006,3,22,2006-02-15 04:34:33
Elvis,Marx,Right Cranes,2006,4,22,2006-02-15 04:34:33
Elvis,Marx,Roof Champion,2006,10,22,2006-02-15 04:34:33
Elvis,Marx,Seattle Expecations,2006,7,22,2006-02-15 04:34:33
Elvis,Marx,Sky Miracle,2006,1,22,2006-02-15 04:34:33
Elvis,Marx,Trojan Tomorrow,2006,14,22,2006-02-15 04:34:33
Elvis,Marx,Waterfront Deliverance,2006,1,22,2006-02-15 04:34:33
Sandra,Kilmer,Agent Truman,2006,9,23,2006-02-15 04:34:33
Sandra,Kilmer,Artist Coldblooded,2006,15,23,2006-02-15 04:34:33
Sandra,Kilmer,Blackout Private,2006,2,23,2006-02-15 04:34:33
Sandra,Kilmer,Bull Shawshank,2006,1,23,2006-02-15 04:34:33
Sandra,Kilmer,Candidate Perdition,2006,4,23,2006-02-15 04:34:33
Sandra,Kilmer,Candles Grapes,2006,10,23,2006-02-15 04:34:33
Sandra,Kilmer,Cassidy Wyoming,2006,16,23,2006-02-15 04:34:33
Sandra,Kilmer,Darn Forrester,2006,1,23,2006-02-15 04:34:33
Sandra,Kilmer,Destiny Saturday,2006,13,23,2006-02-15 04:34:33
Sandra,Kilmer,Divide Monster,2006,14,23,2006-02-15 04:34:33
Sandra,Kilmer,Driver Annie,2006,15,23,2006-02-15 04:34:33
Sandra,Kilmer,Goldmine Tycoon,2006,14,23,2006-02-15 04:34:33
Sandra,Kilmer,Gorgeous Bingo,2006,3,23,2006-02-15 04:34:33
Sandra,Kilmer,Hellfighters Sierra,2006,9,23,2006-02-15 04:34:33
Sandra,Kilmer,Hocus Frida,2006,8,23,2006-02-15 04:34:33
Sandra,Kilmer,Hotel Happiness,2006,9,23,2006-02-15 04:34:33
Sandra,Kilmer,Identity Lover,2006,14,23,2006-02-15 04:34:33
Sandra,Kilmer,Jumping Wrath,2006,3,23,2006-02-15 04:34:33
Sandra,Kilmer,Lovely Jingle,2006,4,23,2006-02-15 04:34:33
Sandra,Kilmer,Magnolia Forrester,2006,1,23,2006-02-15 04:34:33
Sandra,Kilmer,Oleander Clue,2006,12,23,2006-02-15 04:34:33
Sandra,Kilmer,Oz Liaisons,2006,2,23,2006-02-15 04:34:33
Sandra,Kilmer,Personal Ladybugs,2006,12,23,2006-02-15 04:34:33
Sandra,Kilmer,Poseidon Forever,2006,15,23,2006-02-15 04:34:33
Sandra,Kilmer,Savannah Town,2006,7,23,2006-02-15 04:34:33
Sandra,Kilmer,Shakespeare Saddle,2006,15,23,2006-02-15 04:34:33
Sandra,Kilmer,Sleeping Suspects,2006,11,23,2006-02-15 04:34:33
Sandra,Kilmer,Sons Interview,2006,2,23,2006-02-15 04:34:33
Sandra,Kilmer,Speed Suit,2006,16,23,2006-02-15 04:34:33
Sandra,Kilmer,Splendor Patton,2006,3,23,2006-02-15 04:34:33
Sandra,Kilmer,State Wasteland,2006,10,23,2006-02-15 04:34:33
Sandra,Kilmer,Stranger Strangers,2006,3,23,2006-02-15 04:34:33
Sandra,Kilmer,Streak Ridgemont,2006,6,23,2006-02-15 04:34:33
Sandra,Kilmer,Streetcar Intentions,2006,11,23,2006-02-15 04:34:33
Sandra,Kilmer,Vanished Garden,2006,13,23,2006-02-15 04:34:33
Sandra,Kilmer,Wolves Desire,2006,16,23,2006-02-15 04:34:33
Sandra,Kilmer,Youth Kick,2006,12,23,2006-02-15 04:34:33
Cameron,Streep,Adaptation Holes,2006,6,24,2006-02-15 04:34:33
Cameron,Streep,Blues Instinct,2006,8,24,2006-02-15 04:34:33
Cameron,Streep,Calendar Gunfight,2006,9,24,2006-02-15 04:34:33
Cameron,Streep,Casualties Encino,2006,1,24,2006-02-15 04:34:33
Cameron,Streep,Chocolate Duck,2006,9,24,2006-02-15 04:34:33
Cameron,Streep,Coast Rainbow,2006,6,24,2006-02-15 04:34:33
Cameron,Streep,Connection Microcosmos,2006,5,24,2006-02-15 04:34:33
Cameron,Streep,Crow Grease,2006,1,24,2006-02-15 04:34:33
Cameron,Streep,Cupboard Sinners,2006,6,24,2006-02-15 04:34:33
Cameron,Streep,Doom Dancing,2006,5,24,2006-02-15 04:34:33
Cameron,Streep,Drop Waterfront,2006,15,24,2006-02-15 04:34:33
Cameron,Streep,Elephant Trojan,2006,11,24,2006-02-15 04:34:33
Cameron,Streep,Freedom Cleopatra,2006,5,24,2006-02-15 04:34:33
Cameron,Streep,Haunted Antitrust,2006,16,24,2006-02-15 04:34:33
Cameron,Streep,Instinct Airport,2006,15,24,2006-02-15 04:34:33
Cameron,Streep,Legally Secretary,2006,3,24,2006-02-15 04:34:33
Cameron,Streep,Mob Duffel,2006,7,24,2006-02-15 04:34:33
Cameron,Streep,Movie Shakespeare,2006,8,24,2006-02-15 04:34:33
Cameron,Streep,Panic Club,2006,11,24,2006-02-15 04:34:33
Cameron,Streep,Pure Runner,2006,5,24,2006-02-15 04:34:33
Cameron,Streep,Seven Swarm,2006,10,24,2006-02-15 04:34:33
Cameron,Streep,Spinal Rocky,2006,8,24,2006-02-15 04:34:33
Cameron,Streep,Splash Gump,2006,8,24,2006-02-15 04:34:33
Cameron,Streep,West Lion,2006,7,24,2006-02-15 04:34:33
Kevin,Bloom,American Circus,2006,1,25,2006-02-15 04:34:33
Kevin,Bloom,Boogie Amelie,2006,12,25,2006-02-15 04:34:33
Kevin,Bloom,Citizen Shrek,2006,14,25,2006-02-15 04:34:33
Kevin,Bloom,Conquerer Nuts,2006,7,25,2006-02-15 04:34:33
Kevin,Bloom,Dalmations Sweden,2006,7,25,2006-02-15 04:34:33
Kevin,Bloom,Date Speed,2006,8,25,2006-02-15 04:34:33
Kevin,Bloom,Destiny Saturday,2006,13,25,2006-02-15 04:34:33
Kevin,Bloom,Double Wrath,2006,2,25,2006-02-15 04:34:33
Kevin,Bloom,Fiction Christmas,2006,9,25,2006-02-15 04:34:33
Kevin,Bloom,Hate Handicap,2006,5,25,2006-02-15 04:34:33
Kevin,Bloom,Heavenly Gun,2006,12,25,2006-02-15 04:34:33
Kevin,Bloom,Holes Brannigan,2006,15,25,2006-02-15 04:34:33
Kevin,Bloom,Loverboy Attacks,2006,13,25,2006-02-15 04:34:33
Kevin,Bloom,Massage Image,2006,2,25,2006-02-15 04:34:33
Kevin,Bloom,Mission Zoolander,2006,2,25,2006-02-15 04:34:33
Kevin,Bloom,Mummy Creatures,2006,15,25,2006-02-15 04:34:33
Kevin,Bloom,Polish Brooklyn,2006,3,25,2006-02-15 04:34:33
Kevin,Bloom,Primary Glass,2006,1,25,2006-02-15 04:34:33
Kevin,Bloom,Sabrina Midnight,2006,3,25,2006-02-15 04:34:33
Kevin,Bloom,Sweden Shining,2006,5,25,2006-02-15 04:34:33
Kevin,Bloom,Trouble Date,2006,16,25,2006-02-15 04:34:33
Rip,Crawford,Alabama Devil,2006,11,26,2006-02-15 04:34:33
Rip,Crawford,American Circus,2006,1,26,2006-02-15 04:34:33
Rip,Crawford,Arabia Dogma,2006,11,26,2006-02-15 04:34:33
Rip,Crawford,Boulevard Mob,2006,13,26,2006-02-15 04:34:33
Rip,Crawford,Brannigan Sunrise,2006,13,26,2006-02-15 04:34:33
Rip,Crawford,Bucket Brotherhood,2006,16,26,2006-02-15 04:34:33
Rip,Crawford,Chocolat Harry,2006,8,26,2006-02-15 04:34:33
Rip,Crawford,Craft Outfield,2006,7,26,2006-02-15 04:34:33
Rip,Crawford,Cyclone Family,2006,9,26,2006-02-15 04:34:33
Rip,Crawford,Destination Jerk,2006,7,26,2006-02-15 04:34:33
Rip,Crawford,Donnie Alley,2006,2,26,2006-02-15 04:34:33
Rip,Crawford,Fool Mockingbird,2006,1,26,2006-02-15 04:34:33
Rip,Crawford,Forrest Sons,2006,1,26,2006-02-15 04:34:33
Rip,Crawford,Frontier Cabin,2006,13,26,2006-02-15 04:34:33
Rip,Crawford,Gables Metropolis,2006,8,26,2006-02-15 04:34:33
Rip,Crawford,Guys Falcon,2006,14,26,2006-02-15 04:34:33
Rip,Crawford,Hall Cassidy,2006,3,26,2006-02-15 04:34:33
Rip,Crawford,Lonely Elephant,2006,5,26,2006-02-15 04:34:33
Rip,Crawford,Madison Trap,2006,6,26,2006-02-15 04:34:33
Rip,Crawford,Massage Image,2006,2,26,2006-02-15 04:34:33
Rip,Crawford,Oklahoma Jumanji,2006,13,26,2006-02-15 04:34:33
Rip,Crawford,Oscar Gold,2006,2,26,2006-02-15 04:34:33
Rip,Crawford,Pittsburgh Hunchback,2006,8,26,2006-02-15 04:34:33
Rip,Crawford,Polish Brooklyn,2006,3,26,2006-02-15 04:34:33
Rip,Crawford,Range Moonwalker,2006,8,26,2006-02-15 04:34:33
Rip,Crawford,Rings Heartbreakers,2006,1,26,2006-02-15 04:34:33
Rip,Crawford,Saints Bride,2006,7,26,2006-02-15 04:34:33
Rip,Crawford,Saturday Lambs,2006,15,26,2006-02-15 04:34:33
Rip,Crawford,Siege Madre,2006,8,26,2006-02-15 04:34:33
Rip,Crawford,Sorority Queen,2006,9,26,2006-02-15 04:34:33
Rip,Crawford,Texas Watch,2006,11,26,2006-02-15 04:34:33
Rip,Crawford,Train Bunch,2006,11,26,2006-02-15 04:34:33
Rip,Crawford,Tramp Others,2006,5,26,2006-02-15 04:34:33
Julia,Mcqueen,Amadeus Holy,2006,1,27,2006-02-15 04:34:33
Julia,Mcqueen,Arabia Dogma,2006,11,27,2006-02-15 04:34:33
Julia,Mcqueen,Bonnie Holocaust,2006,6,27,2006-02-15 04:34:33
Julia,Mcqueen,Cider Desire,2006,6,27,2006-02-15 04:34:33
Julia,Mcqueen,Coneheads Smoochy,2006,7,27,2006-02-15 04:34:33
Julia,Mcqueen,Effect Gladiator,2006,8,27,2006-02-15 04:34:33
Julia,Mcqueen,Freddy Storm,2006,11,27,2006-02-15 04:34:33
Julia,Mcqueen,Games Bowfinger,2006,16,27,2006-02-15 04:34:33
Julia,Mcqueen,Gladiator Westward,2006,8,27,2006-02-15 04:34:33
Julia,Mcqueen,Hanover Galaxy,2006,12,27,2006-02-15 04:34:33
Julia,Mcqueen,High Encino,2006,11,27,2006-02-15 04:34:33
Julia,Mcqueen,Insider Arizona,2006,12,27,2006-02-15 04:34:33
Julia,Mcqueen,Jawbreaker Brooklyn,2006,12,27,2006-02-15 04:34:33
Julia,Mcqueen,Kiss Glory,2006,9,27,2006-02-15 04:34:33
Julia,Mcqueen,Kramer Chocolate,2006,15,27,2006-02-15 04:34:33
Julia,Mcqueen,Lucky Flying,2006,12,27,2006-02-15 04:34:33
Julia,Mcqueen,Mockingbird Hollywood,2006,1,27,2006-02-15 04:34:33
Julia,Mcqueen,Monterey Labyrinth,2006,11,27,2006-02-15 04:34:33
Julia,Mcqueen,Open African,2006,14,27,2006-02-15 04:34:33
Julia,Mcqueen,Pilot Hoosiers,2006,8,27,2006-02-15 04:34:33
Julia,Mcqueen,Pittsburgh Hunchback,2006,8,27,2006-02-15 04:34:33
Julia,Mcqueen,President Bang,2006,8,27,2006-02-15 04:34:33
Julia,Mcqueen,Scorpion Apollo,2006,7,27,2006-02-15 04:34:33
Julia,Mcqueen,Sleepless Monsoon,2006,2,27,2006-02-15 04:34:33
Julia,Mcqueen,Spirit Flintstones,2006,11,27,2006-02-15 04:34:33
Julia,Mcqueen,Strangers Graffiti,2006,11,27,2006-02-15 04:34:33
Julia,Mcqueen,Sweethearts Suspects,2006,3,27,2006-02-15 04:34:33
Julia,Mcqueen,Telemark Heartbreakers,2006,2,27,2006-02-15 04:34:33
Julia,Mcqueen,Ties Hunger,2006,3,27,2006-02-15 04:34:33
Julia,Mcqueen,Train Bunch,2006,11,27,2006-02-15 04:34:33
Julia,Mcqueen,Weekend Personal,2006,14,27,2006-02-15 04:34:33
Julia,Mcqueen,Wonka Sea,2006,2,27,2006-02-15 04:34:33
Julia,Mcqueen,Young Language,2006,6,27,2006-02-15 04:34:33
Woody,Hoffman,Alice Fantasia,2006,4,28,2006-02-15 04:34:33
Woody,Hoffman,Atlantis Cause,2006,8,28,2006-02-15 04:34:33
Woody,Hoffman,Beach Heartbreakers,2006,6,28,2006-02-15 04:34:33
Woody,Hoffman,Birch Antitrust,2006,12,28,2006-02-15 04:34:33
Woody,Hoffman,Breaking Home,2006,13,28,2006-02-15 04:34:33
Woody,Hoffman,Bunch Minds,2006,7,28,2006-02-15 04:34:33
Woody,Hoffman,Duck Racer,2006,2,28,2006-02-15 04:34:33
Woody,Hoffman,Durham Panky,2006,15,28,2006-02-15 04:34:33
Woody,Hoffman,Entrapment Satisfaction,2006,1,28,2006-02-15 04:34:33
Woody,Hoffman,Gilmore Boiled,2006,4,28,2006-02-15 04:34:33
Woody,Hoffman,Knock Warlock,2006,5,28,2006-02-15 04:34:33
Woody,Hoffman,Lambs Cincinatti,2006,10,28,2006-02-15 04:34:33
Woody,Hoffman,Loser Hustler,2006,15,28,2006-02-15 04:34:33
Woody,Hoffman,Maiden Home,2006,13,28,2006-02-15 04:34:33
Woody,Hoffman,Midnight Westward,2006,1,28,2006-02-15 04:34:33
Woody,Hoffman,Moonwalker Fool,2006,10,28,2006-02-15 04:34:33
Woody,Hoffman,Neighbors Charade,2006,15,28,2006-02-15 04:34:33
Woody,Hoffman,None Spiking,2006,14,28,2006-02-15 04:34:33
Woody,Hoffman,Pajama Jawbreaker,2006,4,28,2006-02-15 04:34:33
Woody,Hoffman,Pilot Hoosiers,2006,8,28,2006-02-15 04:34:33
Woody,Hoffman,Room Roman,2006,2,28,2006-02-15 04:34:33
Woody,Hoffman,Shootist Superfly,2006,7,28,2006-02-15 04:34:33
Woody,Hoffman,Shrunk Divine,2006,1,28,2006-02-15 04:34:33
Woody,Hoffman,Snowman Rollercoaster,2006,2,28,2006-02-15 04:34:33
Woody,Hoffman,Spice Sorority,2006,7,28,2006-02-15 04:34:33
Woody,Hoffman,Spy Mile,2006,10,28,2006-02-15 04:34:33
Woody,Hoffman,Telegraph Voyage,2006,12,28,2006-02-15 04:34:33
Woody,Hoffman,Trap Guys,2006,9,28,2006-02-15 04:34:33
Woody,Hoffman,Wait Cider,2006,2,28,2006-02-15 04:34:33
Woody,Hoffman,Wife Turn,2006,6,28,2006-02-15 04:34:33
Woody,Hoffman,Wyoming Storm,2006,13,28,2006-02-15 04:34:33
Alec,Wayne,Aladdin Calendar,2006,15,29,2006-02-15 04:34:33
Alec,Wayne,Blade Polish,2006,7,29,2006-02-15 04:34:33
Alec,Wayne,Bull Shawshank,2006,1,29,2006-02-15 04:34:33
Alec,Wayne,Cabin Flash,2006,3,29,2006-02-15 04:34:33
Alec,Wayne,Center Dinosaur,2006,4,29,2006-02-15 04:34:33
Alec,Wayne,Chamber Italian,2006,12,29,2006-02-15 04:34:33
Alec,Wayne,Coneheads Smoochy,2006,7,29,2006-02-15 04:34:33
Alec,Wayne,Destiny Saturday,2006,13,29,2006-02-15 04:34:33
Alec,Wayne,Effect Gladiator,2006,8,29,2006-02-15 04:34:33
Alec,Wayne,Encounters Curtain,2006,7,29,2006-02-15 04:34:33
Alec,Wayne,Express Lonely,2006,14,29,2006-02-15 04:34:33
Alec,Wayne,Fiction Christmas,2006,9,29,2006-02-15 04:34:33
Alec,Wayne,Freedom Cleopatra,2006,5,29,2006-02-15 04:34:33
Alec,Wayne,Fugitive Maguire,2006,16,29,2006-02-15 04:34:33
Alec,Wayne,Hours Rage,2006,13,29,2006-02-15 04:34:33
Alec,Wayne,Hustler Party,2006,5,29,2006-02-15 04:34:33
Alec,Wayne,Identity Lover,2006,14,29,2006-02-15 04:34:33
Alec,Wayne,Insider Arizona,2006,12,29,2006-02-15 04:34:33
Alec,Wayne,Jeopardy Encino,2006,4,29,2006-02-15 04:34:33
Alec,Wayne,Joon Northwest,2006,15,29,2006-02-15 04:34:33
Alec,Wayne,Liberty Magnificent,2006,15,29,2006-02-15 04:34:33
Alec,Wayne,Magic Mallrats,2006,3,29,2006-02-15 04:34:33
Alec,Wayne,Money Harold,2006,13,29,2006-02-15 04:34:33
Alec,Wayne,Outbreak Divine,2006,10,29,2006-02-15 04:34:33
Alec,Wayne,Reign Gentlemen,2006,14,29,2006-02-15 04:34:33
Alec,Wayne,Smoking Barbarella,2006,6,29,2006-02-15 04:34:33
Alec,Wayne,Summer Scarface,2006,4,29,2006-02-15 04:34:33
Alec,Wayne,Uptown Young,2006,3,29,2006-02-15 04:34:33
Alec,Wayne,Virgin Daisy,2006,7,29,2006-02-15 04:34:33
Sandra,Peck,Academy Dinosaur,2006,6,30,2006-02-15 04:34:33
Sandra,Peck,Bang Kwai,2006,8,30,2006-02-15 04:34:33
Sandra,Peck,Beethoven Exorcist,2006,7,30,2006-02-15 04:34:33
Sandra,Peck,Beverly Outlaw,2006,14,30,2006-02-15 04:34:33
Sandra,Peck,Birds Perdition,2006,13,30,2006-02-15 04:34:33
Sandra,Peck,Boondock Ballroom,2006,16,30,2006-02-15 04:34:33
Sandra,Peck,Dude Blindness,2006,15,30,2006-02-15 04:34:33
Sandra,Peck,Dumbo Lust,2006,8,30,2006-02-15 04:34:33
Sandra,Peck,Enough Raging,2006,16,30,2006-02-15 04:34:33
Sandra,Peck,Excitement Eve,2006,1,30,2006-02-15 04:34:33
Sandra,Peck,Family Sweet,2006,11,30,2006-02-15 04:34:33
Sandra,Peck,Firehouse Vietnam,2006,1,30,2006-02-15 04:34:33
Sandra,Peck,Flash Wars,2006,13,30,2006-02-15 04:34:33
Sandra,Peck,Gilbert Pelican,2006,4,30,2006-02-15 04:34:33
Sandra,Peck,Matrix Snowman,2006,9,30,2006-02-15 04:34:33
Sandra,Peck,Rings Heartbreakers,2006,1,30,2006-02-15 04:34:33
Sandra,Peck,Silence Kane,2006,12,30,2006-02-15 04:34:33
Sandra,Peck,Stagecoach Armageddon,2006,1,30,2006-02-15 04:34:33
Sandra,Peck,Virginian Pluto,2006,6,30,2006-02-15 04:34:33
Sissy,Sobieski,Born Spinal,2006,16,31,2006-02-15 04:34:33
Sissy,Sobieski,Chitty Lock,2006,7,31,2006-02-15 04:34:33
Sissy,Sobieski,Clyde Theory,2006,13,31,2006-02-15 04:34:33
Sissy,Sobieski,Coast Rainbow,2006,6,31,2006-02-15 04:34:33
Sissy,Sobieski,Crazy Home,2006,5,31,2006-02-15 04:34:33
Sissy,Sobieski,Factory Dragon,2006,16,31,2006-02-15 04:34:33
Sissy,Sobieski,Ferris Mother,2006,5,31,2006-02-15 04:34:33
Sissy,Sobieski,Gone Trouble,2006,7,31,2006-02-15 04:34:33
Sissy,Sobieski,Greek Everyone,2006,9,31,2006-02-15 04:34:33
Sissy,Sobieski,Hoosiers Birdcage,2006,9,31,2006-02-15 04:34:33
Sissy,Sobieski,Mob Duffel,2006,7,31,2006-02-15 04:34:33
Sissy,Sobieski,Open African,2006,14,31,2006-02-15 04:34:33
Sissy,Sobieski,Prix Undefeated,2006,8,31,2006-02-15 04:34:33
Sissy,Sobieski,Rocky War,2006,7,31,2006-02-15 04:34:33
Sissy,Sobieski,Shrunk Divine,2006,1,31,2006-02-15 04:34:33
Sissy,Sobieski,Sky Miracle,2006,1,31,2006-02-15 04:34:33
Sissy,Sobieski,Telemark Heartbreakers,2006,2,31,2006-02-15 04:34:33
Sissy,Sobieski,Wisdom Worker,2006,5,31,2006-02-15 04:34:33
Tim,Hackman,Behavior Runaway,2006,11,32,2006-02-15 04:34:33
Tim,Hackman,Boiled Dares,2006,16,32,2006-02-15 04:34:33
Tim,Hackman,Bucket Brotherhood,2006,16,32,2006-02-15 04:34:33
Tim,Hackman,Calendar Gunfight,2006,9,32,2006-02-15 04:34:33
Tim,Hackman,Chaplin License,2006,13,32,2006-02-15 04:34:33
Tim,Hackman,Crusade Honey,2006,15,32,2006-02-15 04:34:33
Tim,Hackman,Cupboard Sinners,2006,6,32,2006-02-15 04:34:33
Tim,Hackman,Deep Crusade,2006,6,32,2006-02-15 04:34:33
Tim,Hackman,Feud Frogmen,2006,8,32,2006-02-15 04:34:33
Tim,Hackman,Fiddler Lost,2006,14,32,2006-02-15 04:34:33
Tim,Hackman,Harold French,2006,7,32,2006-02-15 04:34:33
Tim,Hackman,Homeward Cider,2006,6,32,2006-02-15 04:34:33
Tim,Hackman,Hoosiers Birdcage,2006,9,32,2006-02-15 04:34:33
Tim,Hackman,Lights Deer,2006,4,32,2006-02-15 04:34:33
Tim,Hackman,Meet Chocolate,2006,9,32,2006-02-15 04:34:33
Tim,Hackman,Mob Duffel,2006,7,32,2006-02-15 04:34:33
Tim,Hackman,Mummy Creatures,2006,15,32,2006-02-15 04:34:33
Tim,Hackman,Packer Madigan,2006,2,32,2006-02-15 04:34:33
Tim,Hackman,Peach Innocent,2006,15,32,2006-02-15 04:34:33
Tim,Hackman,Pearl Destiny,2006,9,32,2006-02-15 04:34:33
Tim,Hackman,Snatchers Montezuma,2006,4,32,2006-02-15 04:34:33
Tim,Hackman,Uptown Young,2006,3,32,2006-02-15 04:34:33
Tim,Hackman,Wizard Coldblooded,2006,12,32,2006-02-15 04:34:33
Milla,Peck,Barefoot Manchurian,2006,1,33,2006-02-15 04:34:33
Milla,Peck,Calendar Gunfight,2006,9,33,2006-02-15 04:34:33
Milla,Peck,Chance Resurrection,2006,15,33,2006-02-15 04:34:33
Milla,Peck,Clash Freddy,2006,2,33,2006-02-15 04:34:33
Milla,Peck,Daughter Madigan,2006,3,33,2006-02-15 04:34:33
Milla,Peck,Dream Pickup,2006,1,33,2006-02-15 04:34:33
Milla,Peck,Fatal Haunted,2006,13,33,2006-02-15 04:34:33
Milla,Peck,Feathers Metal,2006,10,33,2006-02-15 04:34:33
Milla,Peck,Jacket Frisco,2006,7,33,2006-02-15 04:34:33
Milla,Peck,Juggler Hardly,2006,2,33,2006-02-15 04:34:33
Milla,Peck,Midnight Westward,2006,1,33,2006-02-15 04:34:33
Milla,Peck,Necklace Outbreak,2006,7,33,2006-02-15 04:34:33
Milla,Peck,Peach Innocent,2006,15,33,2006-02-15 04:34:33
Milla,Peck,Prejudice Oleander,2006,4,33,2006-02-15 04:34:33
Milla,Peck,Raiders Antitrust,2006,6,33,2006-02-15 04:34:33
Milla,Peck,Robbers Joon,2006,3,33,2006-02-15 04:34:33
Milla,Peck,Rock Instinct,2006,11,33,2006-02-15 04:34:33
Milla,Peck,Rushmore Mermaid,2006,5,33,2006-02-15 04:34:33
Milla,Peck,Seattle Expecations,2006,7,33,2006-02-15 04:34:33
Milla,Peck,Teen Apollo,2006,16,33,2006-02-15 04:34:33
Milla,Peck,Temple Attraction,2006,11,33,2006-02-15 04:34:33
Milla,Peck,Watership Frontier,2006,11,33,2006-02-15 04:34:33
Milla,Peck,Whisperer Giant,2006,14,33,2006-02-15 04:34:33
Milla,Peck,Wrong Behavior,2006,3,33,2006-02-15 04:34:33
Audrey,Olivier,Atlantis Cause,2006,8,34,2006-02-15 04:34:33
Audrey,Olivier,Boulevard Mob,2006,13,34,2006-02-15 04:34:33
Audrey,Olivier,Caper Motions,2006,5,34,2006-02-15 04:34:33
Audrey,Olivier,Cassidy Wyoming,2006,16,34,2006-02-15 04:34:33
Audrey,Olivier,Coneheads Smoochy,2006,7,34,2006-02-15 04:34:33
Audrey,Olivier,Control Anthem,2006,5,34,2006-02-15 04:34:33
Audrey,Olivier,Dorado Notting,2006,12,34,2006-02-15 04:34:33
Audrey,Olivier,French Holiday,2006,6,34,2006-02-15 04:34:33
Audrey,Olivier,Gunfighter Mussolini,2006,15,34,2006-02-15 04:34:33
Audrey,Olivier,Halloween Nuts,2006,6,34,2006-02-15 04:34:33
Audrey,Olivier,Human Graffiti,2006,10,34,2006-02-15 04:34:33
Audrey,Olivier,Kane Exorcist,2006,9,34,2006-02-15 04:34:33
Audrey,Olivier,Knock Warlock,2006,5,34,2006-02-15 04:34:33
Audrey,Olivier,Loathing Legally,2006,4,34,2006-02-15 04:34:33
Audrey,Olivier,Peak Forever,2006,15,34,2006-02-15 04:34:33
Audrey,Olivier,Redemption Comforts,2006,13,34,2006-02-15 04:34:33
Audrey,Olivier,Sense Greek,2006,15,34,2006-02-15 04:34:33
Audrey,Olivier,Ship Wonderland,2006,6,34,2006-02-15 04:34:33
Audrey,Olivier,Side Ark,2006,1,34,2006-02-15 04:34:33
Audrey,Olivier,Squad Fish,2006,15,34,2006-02-15 04:34:33
Audrey,Olivier,Sting Personal,2006,13,34,2006-02-15 04:34:33
Audrey,Olivier,Stranger Strangers,2006,3,34,2006-02-15 04:34:33
Audrey,Olivier,Usual Untouchables,2006,9,34,2006-02-15 04:34:33
Audrey,Olivier,Volume House,2006,4,34,2006-02-15 04:34:33
Audrey,Olivier,Whale Bikini,2006,9,34,2006-02-15 04:34:33
Judy,Dean,Aladdin Calendar,2006,15,35,2006-02-15 04:34:33
Judy,Dean,Arachnophobia Rollercoaster,2006,11,35,2006-02-15 04:34:33
Judy,Dean,Ballroom Mockingbird,2006,9,35,2006-02-15 04:34:33
Judy,Dean,Cyclone Family,2006,9,35,2006-02-15 04:34:33
Judy,Dean,Drop Waterfront,2006,15,35,2006-02-15 04:34:33
Judy,Dean,Gunfighter Mussolini,2006,15,35,2006-02-15 04:34:33
Judy,Dean,Modern Dorado,2006,6,35,2006-02-15 04:34:33
Judy,Dean,Mussolini Spoilers,2006,15,35,2006-02-15 04:34:33
Judy,Dean,Nash Chocolat,2006,2,35,2006-02-15 04:34:33
Judy,Dean,Quest Mussolini,2006,1,35,2006-02-15 04:34:33
Judy,Dean,Rings Heartbreakers,2006,1,35,2006-02-15 04:34:33
Judy,Dean,Rocketeer Mother,2006,9,35,2006-02-15 04:34:33
Judy,Dean,Rugrats Shakespeare,2006,1,35,2006-02-15 04:34:33
Judy,Dean,Soldiers Evolution,2006,14,35,2006-02-15 04:34:33
Judy,Dean,Trouble Date,2006,16,35,2006-02-15 04:34:33
Burt,Dukakis,Alien Center,2006,9,36,2006-02-15 04:34:33
Burt,Dukakis,Blindness Gun,2006,14,36,2006-02-15 04:34:33
Burt,Dukakis,Commandments Express,2006,11,36,2006-02-15 04:34:33
Burt,Dukakis,Dinosaur Secretary,2006,8,36,2006-02-15 04:34:33
Burt,Dukakis,Double Wrath,2006,2,36,2006-02-15 04:34:33
Burt,Dukakis,Ending Crowds,2006,13,36,2006-02-15 04:34:33
Burt,Dukakis,Greek Everyone,2006,9,36,2006-02-15 04:34:33
Burt,Dukakis,Grinch Massage,2006,10,36,2006-02-15 04:34:33
Burt,Dukakis,Gun Bonnie,2006,10,36,2006-02-15 04:34:33
Burt,Dukakis,Guys Falcon,2006,14,36,2006-02-15 04:34:33
Burt,Dukakis,Heaven Freedom,2006,5,36,2006-02-15 04:34:33
Burt,Dukakis,Home Pity,2006,12,36,2006-02-15 04:34:33
Burt,Dukakis,Homeward Cider,2006,6,36,2006-02-15 04:34:33
Burt,Dukakis,Image Princess,2006,15,36,2006-02-15 04:34:33
Burt,Dukakis,Intolerable Intentions,2006,6,36,2006-02-15 04:34:33
Burt,Dukakis,Jerk Paycheck,2006,4,36,2006-02-15 04:34:33
Burt,Dukakis,Kane Exorcist,2006,9,36,2006-02-15 04:34:33
Burt,Dukakis,King Evolution,2006,8,36,2006-02-15 04:34:33
Burt,Dukakis,Menagerie Rushmore,2006,2,36,2006-02-15 04:34:33
Burt,Dukakis,Money Harold,2006,13,36,2006-02-15 04:34:33
Burt,Dukakis,Motions Details,2006,11,36,2006-02-15 04:34:33
Burt,Dukakis,Random Go,2006,14,36,2006-02-15 04:34:33
Burt,Dukakis,Range Moonwalker,2006,8,36,2006-02-15 04:34:33
Burt,Dukakis,Reap Unfaithful,2006,11,36,2006-02-15 04:34:33
Burt,Dukakis,Right Cranes,2006,4,36,2006-02-15 04:34:33
Burt,Dukakis,Talented Homicide,2006,15,36,2006-02-15 04:34:33
Burt,Dukakis,Truman Crazy,2006,1,36,2006-02-15 04:34:33
Burt,Dukakis,Valentine Vanishing,2006,16,36,2006-02-15 04:34:33
Burt,Dukakis,Wanda Chamber,2006,10,36,2006-02-15 04:34:33
Val,Bolger,Aladdin Calendar,2006,15,37,2006-02-15 04:34:33
Val,Bolger,Alaska Phantom,2006,12,37,2006-02-15 04:34:33
Val,Bolger,Amadeus Holy,2006,1,37,2006-02-15 04:34:33
Val,Bolger,Canyon Stock,2006,2,37,2006-02-15 04:34:33
Val,Bolger,Caper Motions,2006,5,37,2006-02-15 04:34:33
Val,Bolger,Carrie Bunch,2006,11,37,2006-02-15 04:34:33
Val,Bolger,Chitty Lock,2006,7,37,2006-02-15 04:34:33
Val,Bolger,Dalmations Sweden,2006,7,37,2006-02-15 04:34:33
Val,Bolger,Drifter Commandments,2006,1,37,2006-02-15 04:34:33
Val,Bolger,Dude Blindness,2006,15,37,2006-02-15 04:34:33
Val,Bolger,Elephant Trojan,2006,11,37,2006-02-15 04:34:33
Val,Bolger,Fireball Philadelphia,2006,5,37,2006-02-15 04:34:33
Val,Bolger,Intrigue Worst,2006,9,37,2006-02-15 04:34:33
Val,Bolger,Jawbreaker Brooklyn,2006,12,37,2006-02-15 04:34:33
Val,Bolger,Jersey Sassy,2006,3,37,2006-02-15 04:34:33
Val,Bolger,Lambs Cincinatti,2006,10,37,2006-02-15 04:34:33
Val,Bolger,Lonely Elephant,2006,5,37,2006-02-15 04:34:33
Val,Bolger,Maker Gables,2006,3,37,2006-02-15 04:34:33
Val,Bolger,Mallrats United,2006,5,37,2006-02-15 04:34:33
Val,Bolger,Metropolis Coma,2006,14,37,2006-02-15 04:34:33
Val,Bolger,Model Fish,2006,3,37,2006-02-15 04:34:33
Val,Bolger,Paths Control,2006,7,37,2006-02-15 04:34:33
Val,Bolger,Patient Sister,2006,4,37,2006-02-15 04:34:33
Val,Bolger,Prejudice Oleander,2006,4,37,2006-02-15 04:34:33
Val,Bolger,Primary Glass,2006,1,37,2006-02-15 04:34:33
Val,Bolger,Shawshank Bubble,2006,16,37,2006-02-15 04:34:33
Val,Bolger,Stallion Sundance,2006,14,37,2006-02-15 04:34:33
Val,Bolger,Stampede Disturbing,2006,10,37,2006-02-15 04:34:33
Val,Bolger,Stranger Strangers,2006,3,37,2006-02-15 04:34:33
Val,Bolger,Town Ark,2006,9,37,2006-02-15 04:34:33
Val,Bolger,United Pilot,2006,6,37,2006-02-15 04:34:33
Val,Bolger,Watch Tracy,2006,2,37,2006-02-15 04:34:33
Val,Bolger,Wedding Apollo,2006,6,37,2006-02-15 04:34:33
Val,Bolger,Working Microcosmos,2006,16,37,2006-02-15 04:34:33
Val,Bolger,Youth Kick,2006,12,37,2006-02-15 04:34:33
Tom,Mckellen,Analyze Hoosiers,2006,11,38,2006-02-15 04:34:33
Tom,Mckellen,Caddyshack Jedi,2006,1,38,2006-02-15 04:34:33
Tom,Mckellen,Club Graffiti,2006,2,38,2006-02-15 04:34:33
Tom,Mckellen,Congeniality Quest,2006,15,38,2006-02-15 04:34:33
Tom,Mckellen,Desire Alien,2006,2,38,2006-02-15 04:34:33
Tom,Mckellen,Donnie Alley,2006,2,38,2006-02-15 04:34:33
Tom,Mckellen,Egg Igby,2006,6,38,2006-02-15 04:34:33
Tom,Mckellen,Freedom Cleopatra,2006,5,38,2006-02-15 04:34:33
Tom,Mckellen,Frisco Forrest,2006,14,38,2006-02-15 04:34:33
Tom,Mckellen,Gentlemen Stage,2006,9,38,2006-02-15 04:34:33
Tom,Mckellen,Idaho Love,2006,13,38,2006-02-15 04:34:33
Tom,Mckellen,Idols Snatchers,2006,3,38,2006-02-15 04:34:33
Tom,Mckellen,Indian Love,2006,8,38,2006-02-15 04:34:33
Tom,Mckellen,Kissing Dolls,2006,1,38,2006-02-15 04:34:33
Tom,Mckellen,Legend Jedi,2006,12,38,2006-02-15 04:34:33
Tom,Mckellen,Magic Mallrats,2006,3,38,2006-02-15 04:34:33
Tom,Mckellen,Mission Zoolander,2006,2,38,2006-02-15 04:34:33
Tom,Mckellen,Necklace Outbreak,2006,7,38,2006-02-15 04:34:33
Tom,Mckellen,Neighbors Charade,2006,15,38,2006-02-15 04:34:33
Tom,Mckellen,Purple Movie,2006,9,38,2006-02-15 04:34:33
Tom,Mckellen,Shrunk Divine,2006,1,38,2006-02-15 04:34:33
Tom,Mckellen,Spice Sorority,2006,7,38,2006-02-15 04:34:33
Tom,Mckellen,Stallion Sundance,2006,14,38,2006-02-15 04:34:33
Tom,Mckellen,Stranger Strangers,2006,3,38,2006-02-15 04:34:33
Tom,Mckellen,Tarzan Videotape,2006,11,38,2006-02-15 04:34:33
Goldie,Brody,Bilko Anonymous,2006,8,39,2006-02-15 04:34:33
Goldie,Brody,Bingo Talented,2006,14,39,2006-02-15 04:34:33
Goldie,Brody,Comancheros Enemy,2006,3,39,2006-02-15 04:34:33
Goldie,Brody,Daisy Menagerie,2006,14,39,2006-02-15 04:34:33
Goldie,Brody,Desert Poseidon,2006,11,39,2006-02-15 04:34:33
Goldie,Brody,Everyone Craft,2006,9,39,2006-02-15 04:34:33
Goldie,Brody,Exorcist Sting,2006,15,39,2006-02-15 04:34:33
